id,Ticker,Sector,roce,roic,roc,ffopo,po,divgr,divpay,shares,cf,bv,equity,debt,fcfm,fcf,ffo,ni,rev,divyield,score
5506,PII,Y,5,5,5,5,4,2,1,5,5,5,4,5,4,5,5,5,4,1,300
5482,THO,Y,4,4,5,5,5,3,1,5,5,5,5,5,3,5,5,5,5,-1,295
5670,MED,Y,5,5,5,4,3,5,1,5,2,5,4,5,2,5,5,5,4,3,295
5404,ROL,Y,5,5,5,4,3,5,1,5,5,5,5,-2,4,5,4,5,4,3,290
5680,KRT,Y,4,5,5,5,4,5,1,4,5,4,5,5,4,5,5,5,5,-5,283
5591,WGO,Y,4,4,5,5,5,3,1,4,5,5,5,3,3,5,1,4,5,-1,276
5794,NOBH,Y,2,3,5,4,4,3,1,5,5,4,3,5,4,5,3,3,4,3,272
5706,MPX,Y,4,5,5,4,3,5,1,4,2,4,4,5,0,4,5,5,4,3,268
5380,ROST,Y,5,5,5,5,5,5,1,5,3,5,3,4,4,4,5,5,4,-5,265
5459,LEA,Y,4,5,5,5,5,5,1,5,5,4,3,5,2,4,5,5,4,-5,262
5424,LKQ,Y,3,3,5,5,5,5,1,4,5,5,3,4,1,5,5,5,4,-1,261
5433,CASY,Y,4,3,5,5,5,3,1,4,5,5,5,3,2,5,5,5,3,-1,261
5492,BC,Y,4,3,5,5,5,4,1,5,5,5,4,5,3,3,5,3,3,-1,260
5494,IBP,Y,4,3,5,5,5,5,1,5,5,5,5,-1,3,5,3,3,5,-1,260
5552,CRI,Y,5,4,5,5,5,5,1,5,2,5,3,5,1,5,2,4,2,-1,255
5384,GM,Y,4,4,5,5,5,4,1,5,3,4,4,5,3,5,-3,1,1,1,252
5417,PKG,Y,5,3,5,5,3,3,1,5,3,5,4,4,4,5,2,1,3,1,250
5401,EBAY,Y,4,3,5,5,5,4,1,5,5,3,4,5,4,1,1,3,3,-1,249
5368,TJX,Y,5,5,5,5,5,5,1,5,3,4,3,3,0,2,3,5,4,-1,247
5508,ASO,Y,5,4,5,5,5,5,1,4,2,5,5,5,3,4,3,3,3,-5,246
5732,NATH,Y,-4,5,5,5,4,5,1,5,5,5,5,5,2,3,5,5,4,-1,245
5642,MNRO,Y,3,3,5,5,5,4,1,4,3,4,4,5,2,4,4,4,3,-1,243
5825,CRWS,Y,3,4,5,3,3,3,1,4,5,4,3,5,3,2,1,2,3,3,243
5877,BFX,Y,4,4,5,-1,0,-1,-1,5,5,5,5,5,4,5,5,4,4,0,240
5573,ATAT,Y,3,5,5,5,5,-1,1,1,5,5,5,5,5,5,5,3,5,-5,239
5549,SHOO,Y,3,4,5,-1,2,5,1,5,5,4,3,5,1,3,3,4,3,-1,237
5590,MLKN,Y,5,3,5,5,5,2,1,4,0,5,5,5,3,4,-2,3,3,-1,236
5710,MCFT,Y,4,5,5,-5,-5,4,-1,4,2,5,5,5,2,5,5,3,5,4,236
5374,CMG,Y,4,4,5,-1,0,-1,-1,5,5,5,5,3,4,5,5,5,4,0,235
5532,GPI,Y,3,3,5,5,5,4,1,5,2,5,3,5,-2,5,5,5,4,-1,235
5756,RCKY,Y,2,2,5,5,5,2,1,4,3,4,4,5,3,5,4,4,1,1,233
5632,CAL,Y,2,3,5,5,5,5,1,5,0,4,3,5,3,5,3,3,1,1,232
5534,KTB,Y,5,3,5,5,3,1,1,4,5,5,5,5,0,5,5,5,-2,1,231
5576,GRBK,Y,4,3,5,-1,2,2,1,4,5,5,5,5,2,5,5,3,5,-5,231
5386,LVS,Y,5,5,5,-5,-2,2,1,5,0,1,1,5,4,5,4,5,4,3,228
5666,MOV,Y,3,3,5,5,5,5,1,4,5,4,4,5,4,5,-5,-5,3,-1,228
5848,TLF,Y,3,3,5,5,2,-1,-1,5,5,4,2,5,3,5,4,5,2,3,227
5499,ALSN,Y,5,4,5,5,5,3,1,5,2,2,0,5,2,2,5,5,4,-1,226
5566,CARG,Y,4,3,5,-1,0,-1,-1,4,5,5,5,5,3,5,3,3,5,0,226
5579,PATK,Y,5,3,5,5,5,5,1,4,1,5,5,-5,2,5,5,5,5,-1,226
5770,CANG,Y,-1,1,5,5,5,5,-1,4,5,5,-1,5,4,5,2,1,4,4,226
5471,HAS,Y,4,3,5,5,3,3,1,4,5,3,2,5,4,5,-5,-2,1,3,225
5709,ZUMZ,Y,3,3,5,-1,0,-1,-1,5,5,5,4,5,4,5,5,5,3,0,225
5411,AVY,Y,4,5,5,5,3,3,1,5,4,3,-1,5,3,2,-3,5,1,1,224
5598,CAKE,Y,4,4,5,5,4,5,1,5,3,3,3,3,-1,5,4,3,3,-1,224
5432,WRK,Y,2,1,5,5,4,3,1,4,0,4,2,5,2,4,3,5,4,3,223
5371,MELI,Y,5,5,5,5,5,5,-1,4,5,5,5,-5,4,4,3,3,5,-5,221
5522,AEO,Y,3,3,5,5,3,1,1,5,5,2,2,5,3,5,3,1,3,1,221
5746,SGC,Y,3,3,5,5,4,3,1,4,5,5,5,5,-2,-4,3,5,4,3,221
5366,BKNG,Y,5,5,5,-1,0,-1,-1,5,5,5,5,-2,3,5,5,5,5,0,220
5397,NVR,Y,5,5,5,-1,0,-1,-1,5,5,5,5,0,3,4,5,5,4,0,220
5402,DECK,Y,4,5,5,-1,0,-1,-1,5,5,5,4,5,-1,5,5,5,4,0,220
5465,BWA,Y,4,3,5,5,5,1,1,5,2,5,4,3,3,4,2,2,3,-1,220
5498,SON,Y,3,3,5,5,3,2,1,4,5,3,2,3,4,3,2,2,2,3,220
5656,HIBB,Y,4,5,5,5,5,5,1,5,5,5,4,3,0,3,1,-3,3,-1,220
5778,BZUN,Y,3,2,5,-1,0,-1,1,4,5,3,4,5,2,5,5,5,5,0,220
5711,CSV,Y,2,3,5,5,5,3,1,4,4,4,4,5,2,3,3,5,3,-5,218
5434,TOL,Y,2,3,5,5,5,5,1,5,3,4,4,0,4,5,5,3,4,-5,217
5651,SMP,Y,3,3,5,5,5,4,1,5,2,4,4,5,2,3,1,1,2,-1,217
5363,BABA,Y,3,3,5,-1,0,-1,-1,4,2,5,5,5,3,5,4,5,5,0,216
5379,F,Y,4,4,5,5,5,4,1,4,3,5,5,5,-1,-5,2,5,3,1,216
5464,NCLH,Y,3,3,5,-1,0,-1,-1,4,5,5,5,5,1,5,5,5,4,0,216
5476,BERY,Y,5,4,5,5,5,-1,1,4,2,5,5,5,2,5,4,3,3,-5,216
5513,RH,Y,4,4,5,-1,0,-1,-1,4,3,5,5,3,3,5,4,5,4,0,216
5646,MBUU,Y,5,5,5,-1,0,-1,-1,4,2,5,5,5,-1,5,5,5,5,0,216
5702,IRBT,Y,3,4,5,-1,0,-1,-1,4,5,5,5,5,-1,5,5,5,5,0,216
5369,SBUX,Y,5,5,5,5,4,5,1,5,5,5,4,1,-1,-4,3,5,4,-1,215
5394,TCOM,Y,2,1,5,5,5,-1,-1,4,5,3,4,3,3,5,3,5,5,-1,215
5664,WWW,Y,4,3,5,5,5,1,1,5,5,3,2,5,4,5,4,5,-5,-1,214
5722,WEYS,Y,2,3,5,5,3,3,1,5,2,3,3,5,2,3,2,3,1,3,214
5690,MLR,Y,2,4,5,5,4,2,1,4,0,4,4,5,-2,2,5,5,4,3,213
5447,VIPS,Y,4,4,5,-1,0,-1,-1,4,2,5,5,5,0,5,5,5,5,0,211
5615,XPEL,Y,5,5,5,-1,0,-1,-1,4,5,5,5,1,-1,5,5,5,5,0,211
5360,HD,Y,5,5,5,5,4,4,1,5,5,-5,-5,3,3,4,4,5,3,1,210
5398,APTV,Y,5,5,5,5,5,3,-1,5,3,5,5,3,3,1,1,1,4,-5,210
5512,SLGN,Y,5,3,5,5,5,3,1,5,4,5,3,3,3,4,-2,-3,2,-1,210
5745,CLAR,Y,-2,-1,5,5,5,4,1,4,5,3,3,5,5,5,5,5,4,-5,210
5372,MAR,Y,3,3,5,5,5,5,1,5,2,3,-2,5,4,5,5,5,2,-5,209
5370,ABNB,Y,1,5,5,-1,0,-1,-1,3,3,5,5,5,3,5,3,3,5,0,207
5377,LULU,Y,5,5,5,-1,0,-1,-1,5,2,5,5,1,2,5,5,3,5,0,205
5393,ULTA,Y,4,5,5,5,-1,-1,-1,5,4,5,5,4,2,5,5,5,5,-5,205
5496,TMHC,Y,2,3,5,-1,0,-1,-1,5,5,5,5,0,4,5,5,5,4,0,205
5378,HMC,Y,2,1,5,5,4,3,1,5,1,3,3,3,2,3,5,5,-1,5,204
5584,BOWL,Y,5,5,5,-1,0,-1,-1,1,5,5,4,5,-1,5,3,3,5,0,204
5435,HTHT,Y,3,3,5,5,4,1,1,4,5,4,4,-1,4,5,5,3,5,-5,203
5561,AIN,Y,3,3,5,5,4,2,1,4,3,4,4,5,3,5,3,-3,3,-1,203
5422,DKS,Y,4,4,5,5,5,4,1,5,3,4,3,5,-2,-2,3,3,4,-1,202
5606,THRM,Y,4,3,5,-1,0,-1,-1,4,5,5,5,5,-1,5,4,3,4,0,201
5387,YUM,Y,4,4,5,5,3,4,1,5,5,-5,-1,5,2,2,1,5,1,1,200
5515,HGV,Y,4,5,5,-1,0,-1,-1,5,5,5,4,0,3,5,4,3,3,0,200
5667,FLWS,Y,3,3,5,-1,0,-1,-1,5,5,5,5,3,2,3,5,5,3,0,200
5719,BBW,Y,2,3,5,5,4,-5,1,5,2,5,1,5,3,5,-2,5,1,3,200
5808,KEQU,Y,2,3,5,5,4,3,-1,4,2,3,4,3,1,4,-2,1,3,3,200
5451,ETSY,Y,2,5,5,-1,0,-1,-1,2,5,5,4,5,0,5,3,3,5,0,198
5474,MAT,Y,4,3,5,5,3,2,-1,4,5,4,3,5,4,5,-5,-3,-2,3,198
5669,CHUY,Y,3,3,5,-5,-3,-5,-1,4,5,4,5,3,3,5,5,5,4,4,198
5463,GPS,Y,4,4,5,5,4,2,1,5,3,4,2,5,2,1,1,2,-1,1,197
5448,SKX,Y,3,3,5,-1,0,-1,-1,4,5,5,5,5,-1,5,5,3,4,0,196
5477,BYD,Y,2,1,5,5,5,5,1,4,2,5,3,5,1,4,2,3,3,-5,196
5500,CPRI,Y,5,5,5,5,2,-1,-1,4,5,5,3,5,2,1,5,5,4,-5,196
5439,PAG,Y,4,3,5,5,5,5,1,5,1,5,5,3,-2,-5,5,5,3,1,195
5521,GOLF,Y,3,3,5,5,4,3,1,4,5,3,3,1,-1,5,-4,2,3,-1,195
5536,TPH,Y,3,3,5,-1,0,-1,-1,5,5,5,4,0,2,5,2,5,4,0,195
5607,SABR,Y,5,1,5,5,3,4,-1,4,0,4,3,3,4,5,5,4,4,-5,193
5671,HLLY,Y,2,1,5,-1,0,-1,-1,-1,5,4,5,5,4,5,5,5,4,0,193
5410,MGA,Y,4,3,5,5,5,3,1,5,3,4,4,-2,2,-1,4,3,3,1,192
5446,TXRH,Y,3,3,5,5,3,5,1,5,1,4,4,5,-2,-2,5,5,4,-1,192
5509,HOG,Y,5,3,5,5,5,5,1,5,0,4,2,3,0,1,-3,2,1,1,192
5564,FL,Y,4,3,5,5,5,3,1,5,1,4,3,5,0,-4,4,4,3,1,192
5364,PDD,Y,4,5,5,-1,0,-1,-1,4,5,5,5,-4,3,5,3,3,5,0,191
5467,CHWY,Y,5,5,5,-1,0,-1,-1,4,5,5,0,-1,2,5,5,5,5,0,191
5528,AAP,Y,4,3,5,5,5,1,1,5,5,5,4,-1,-1,5,4,4,3,-5,190
5365,NKE,Y,5,5,5,5,4,3,1,5,2,3,2,5,-1,-5,5,5,4,-1,189
5376,ORLY,Y,5,5,5,-1,0,-1,-1,5,3,3,-2,5,2,4,5,5,4,0,189
5406,DRI,Y,4,4,5,5,3,4,1,5,3,4,3,3,-1,-5,4,3,3,3,187
5413,YUMC,Y,3,3,5,5,5,-4,1,5,5,4,5,3,0,5,5,5,2,-5,187
5461,PVH,Y,3,3,5,5,5,5,1,5,3,4,3,5,4,5,5,-5,1,-5,187
5554,DFH,Y,5,5,5,5,5,-5,1,3,2,5,5,0,-1,5,3,3,5,-1,187
5385,LEN,Y,3,3,5,5,5,3,1,4,1,5,5,0,2,1,5,5,4,-5,186
5375,RACE,Y,-1,-1,5,-1,2,5,1,5,5,5,3,0,5,5,1,5,3,-5,185
5400,PHM,Y,4,4,5,5,5,3,1,5,1,5,5,0,-1,-3,5,5,4,-1,185
5458,LAD,Y,4,4,5,5,2,4,1,5,5,5,5,1,-3,-5,5,5,5,-1,185
5518,SIG,Y,4,3,5,5,5,5,1,5,2,5,4,5,-1,-5,5,4,1,-1,185
5529,MOD,Y,1,3,5,-1,0,-1,-1,4,4,3,4,5,2,5,5,5,2,0,185
5828,LEAT,Y,2,2,5,-1,0,-1,-1,4,5,3,2,5,3,5,5,3,4,0,185
5419,WSM,Y,4,5,5,5,4,4,1,5,3,3,2,5,-1,-5,2,2,3,1,184
5834,VNCE,Y,4,-1,5,-1,0,-1,-1,4,3,4,3,5,3,5,3,5,3,0,183
5441,CZR,Y,2,2,5,5,2,-1,-1,-2,5,5,5,5,3,5,3,5,5,-5,182
5605,LZB,Y,3,3,5,5,5,5,1,5,5,4,3,3,-1,-5,4,4,2,-1,182
5523,YETI,Y,5,4,5,5,5,-5,-1,4,0,5,5,5,3,3,-2,3,5,-5,181
5611,OXM,Y,3,3,5,5,4,5,1,4,1,5,3,5,1,-5,4,4,3,-1,181
5367,LOW,Y,4,5,5,5,4,5,1,5,1,-5,-5,5,2,3,5,5,3,-1,180
5544,JWN,Y,5,5,5,5,4,3,1,5,-3,5,3,5,-2,-2,3,3,3,1,180
5647,ARKO,Y,4,1,5,5,4,5,1,4,-2,3,3,3,2,4,5,5,3,-5,180
5830,ARKR,Y,3,3,5,5,3,1,1,4,2,3,2,5,3,5,-5,-5,2,3,180
5431,RL,Y,4,3,5,5,5,5,1,5,2,3,-1,5,2,-2,3,3,1,-1,179
5418,DPZ,Y,-5,-1,5,5,4,5,1,5,5,1,-2,5,3,5,5,5,4,-1,178
5577,BLMN,Y,5,5,5,5,4,4,1,5,3,1,2,5,-2,-5,-3,5,2,-1,178
5644,AXL,Y,-3,5,5,-1,0,-1,-1,4,2,5,5,5,0,5,2,5,4,0,176
5734,HBB,Y,5,5,5,5,4,2,1,4,3,5,5,5,-2,-5,3,4,-2,1,176
5918,LUVU,Y,4,4,5,-1,0,-1,-1,4,5,-5,3,5,3,4,5,3,3,0,176
5468,LEVI,Y,3,4,5,5,5,5,1,5,3,5,5,5,-2,-5,5,4,2,-5,175
5520,ABG,Y,5,5,5,-1,0,-1,-1,5,3,5,3,5,3,-5,5,5,3,0,175
5599,CBRL,Y,5,3,5,5,3,4,1,4,1,3,2,5,-2,-5,4,5,2,3,175
5639,TRS,Y,3,3,5,5,5,5,1,4,2,3,3,1,2,-1,4,5,3,-5,175
5687,BWMX,Y,-1,-1,5,-1,0,5,1,5,3,5,4,5,0,5,1,-4,5,3,175
5751,TLYS,Y,3,5,5,3,-5,5,-1,4,3,3,3,5,4,5,1,-5,2,3,175
5783,LAKE,Y,1,1,5,-1,0,-1,-1,4,5,3,3,3,3,5,5,5,3,0,175
5399,EXPE,Y,3,2,5,5,4,5,-1,5,2,3,2,3,0,4,5,3,4,-5,174
5440,SCI,Y,4,2,5,5,4,4,1,5,5,3,0,3,-1,1,1,2,2,-1,174
5495,BFAM,Y,2,3,5,-1,0,-1,-1,5,2,4,-1,4,3,5,5,5,4,0,172
5389,QSR,Y,3,3,5,1,-1,5,1,4,1,5,3,3,0,-5,4,5,4,3,171
5531,RUSHA,Y,3,2,5,5,5,5,1,4,5,5,3,3,-3,-5,5,3,4,-1,171
5638,FIGS,Y,1,2,5,-1,0,-1,-1,4,5,5,5,-3,4,5,3,3,5,0,171
5847,PRKA,Y,3,3,5,-1,0,-1,-1,4,4,5,5,5,3,-2,-5,5,1,0,171
5362,MCD,Y,1,4,5,4,3,3,1,5,1,3,-1,3,3,2,2,3,1,1,169
5409,BALL,Y,4,3,5,5,5,5,1,5,4,3,2,3,-1,-5,2,3,2,-1,169
5553,CVCO,Y,2,3,5,-1,0,-1,-1,4,5,4,3,-4,4,5,5,5,4,0,168
5408,GPC,Y,4,4,5,5,3,3,1,5,1,4,3,3,-2,-5,1,4,4,1,167
5438,TPR,Y,5,4,5,5,4,2,1,5,3,4,4,5,-1,-5,-2,-2,3,1,167
5550,KSS,Y,3,3,5,5,4,3,1,5,3,4,-2,3,4,5,-3,-5,1,1,167
5715,GCO,Y,3,3,5,-1,0,-1,-1,5,5,4,-1,5,3,3,-4,2,3,0,167
5845,JRSH,Y,3,3,5,5,4,-2,1,3,-2,5,5,5,4,-5,-5,4,4,1,167
5390,RCL,Y,2,3,5,5,4,5,-1,4,0,5,4,4,-1,1,4,5,3,-5,166
5601,ARHS,Y,2,3,5,-5,-5,-1,-1,4,5,5,5,-4,4,5,5,3,5,3,166
5603,HBI,Y,4,3,5,4,4,1,-1,5,3,-3,2,3,-1,2,4,5,2,1,166
5613,AMWD,Y,3,3,5,4,2,-5,-1,4,5,5,3,5,0,5,5,5,4,-5,166
5450,TPX,Y,5,5,5,5,5,5,1,5,5,-5,2,1,-1,-5,5,5,2,-1,165
5949,DBGI,Y,5,5,5,-1,0,-1,-1,5,0,5,0,0,0,5,5,5,5,0,165
5725,LOCO,Y,2,2,5,-5,-5,-1,-1,4,2,1,3,5,3,5,-5,5,3,3,164
5836,GLXZ,Y,-1,-1,5,-1,0,-1,-1,1,3,3,5,5,3,5,-5,5,5,0,163
5395,TSCO,Y,5,5,5,5,4,5,1,5,0,4,3,-3,0,-5,4,5,4,-1,162
5618,PHIN,Y,3,3,5,5,5,-1,1,5,5,4,3,5,3,-5,5,3,3,-5,162
5663,MYE,Y,3,3,5,5,3,1,1,5,3,4,4,5,-1,-5,-5,5,-2,3,162
5537,MHO,Y,3,3,5,5,2,-5,-1,4,5,5,5,0,1,5,5,5,5,-5,161
5556,TNL,Y,2,2,5,5,4,5,1,5,4,-5,-5,5,1,-2,5,5,3,3,160
5545,LEG,Y,4,4,5,4,3,2,1,5,3,3,2,5,-1,-1,2,-5,3,3,159
5392,CPNG,Y,1,1,5,-1,0,-1,-1,-3,5,5,5,3,2,5,3,3,5,0,158
5865,GTIM,Y,-3,1,5,-1,0,-1,-1,4,3,4,4,5,1,5,-5,5,4,0,158
5412,BBY,Y,5,4,5,5,5,3,1,5,0,4,2,5,-2,-5,2,2,1,1,157
5507,SEE,Y,5,5,5,5,4,1,1,5,-2,4,4,5,-1,-5,4,3,1,1,157
5593,BKE,Y,5,5,5,1,-1,-2,1,4,4,2,2,5,2,-3,1,1,1,4,157
5658,ETD,Y,3,3,5,5,3,5,1,5,2,4,3,5,-1,-5,-4,3,-3,3,157
5568,FTDR,Y,5,5,5,4,3,5,-1,4,3,5,5,5,-1,-5,-5,-5,4,-1,156
5634,RVLV,Y,5,5,5,-1,0,-1,-1,4,2,5,0,5,3,5,-5,-5,4,0,156
5934,GHST,Y,5,5,5,-1,0,-1,-1,5,5,5,3,0,1,1,3,3,0,0,155
5361,TM,Y,3,2,5,5,4,2,1,5,3,3,3,5,-2,-5,2,3,2,1,154
5421,AMCR,Y,5,4,5,4,1,1,1,5,0,3,0,5,-1,-1,2,3,1,3,154
5454,MUSA,Y,5,5,5,5,5,5,1,5,5,4,1,3,-2,5,1,-4,-3,-5,152
5784,NIU,Y,3,3,5,-1,0,-1,-1,-3,5,4,5,5,3,5,-5,-5,5,0,150
5790,BGFV,Y,2,3,5,5,3,3,1,4,2,3,3,5,-2,-5,-5,3,1,3,150
5505,MNSO,Y,-1,-1,5,-1,0,-3,1,5,5,3,4,5,3,3,1,3,2,0,149
5684,XPOF,Y,-4,3,5,-1,0,-1,-1,-4,3,5,3,5,4,5,3,5,5,0,149
5781,BSET,Y,1,1,5,5,5,5,1,5,0,3,2,5,1,3,2,-5,1,1,149
5648,BZH,Y,1,1,5,-1,0,-1,-1,4,3,4,4,0,3,5,5,3,3,0,148
5675,DESP,Y,-1,1,5,-1,0,-1,-1,4,3,4,0,5,3,5,3,3,4,0,148
5984,RSTRF,Y,5,3,5,3,3,5,-1,4,1,4,3,3,0,-5,5,5,4,-5,148
5453,MTN,Y,3,2,5,5,3,5,1,4,1,2,1,3,-1,4,2,-3,4,-1,147
5488,WHR,Y,3,3,5,5,4,3,1,5,2,4,3,3,-2,-4,3,2,1,1,147
5382,DHI,Y,3,3,5,5,5,4,1,4,-1,5,5,0,-2,-5,4,3,5,-1,146
5636,CWH,Y,5,3,5,5,1,-5,-1,4,5,5,4,3,3,5,-5,-5,3,-1,146
5449,CCK,Y,5,3,5,5,4,4,1,5,1,5,3,3,-1,-5,1,3,-1,-1,145
5723,BRLT,Y,1,3,5,-1,0,-1,-1,4,5,3,3,3,4,5,4,-5,4,0,145
5539,UAA,Y,3,3,5,-1,5,-1,-1,4,2,1,5,3,-2,-5,5,5,5,0,144
5445,ALV,Y,3,3,5,5,3,2,1,4,1,4,4,5,-1,-2,-5,-3,3,1,143
5586,FUN,Y,2,1,5,-1,1,2,1,1,2,3,2,5,1,-2,5,5,3,0,143
5748,ESCA,Y,3,3,5,5,3,2,1,4,3,4,4,5,-2,-5,3,-3,3,3,143
5415,MGM,Y,2,1,5,-1,5,-5,-1,5,3,4,0,3,4,5,-5,3,4,-5,142
5478,DDS,Y,3,3,5,5,5,5,1,5,0,4,2,5,-1,-5,-4,5,1,-5,142
5563,FOXF,Y,4,4,5,-5,-5,-5,-1,4,5,5,5,5,-1,5,4,3,5,-5,141
5571,ARCO,Y,4,3,5,5,2,1,1,4,0,5,5,3,-2,-5,5,5,3,-1,141
5786,ELA,Y,-4,3,5,-1,0,-1,-1,4,2,5,5,5,1,5,-5,3,1,0,141
5856,GDHG,Y,5,5,5,-1,0,-1,-1,4,2,5,5,5,4,5,2,-5,-5,0,141
5693,JOUT,Y,2,3,5,5,5,-1,-1,4,2,3,5,5,-1,-2,-3,1,2,0,140
5483,AN,Y,4,4,5,-1,0,-1,-1,5,-1,4,2,3,-2,3,3,4,3,0,137
5388,JD,Y,-2,1,5,5,3,-2,1,4,5,5,5,-4,3,5,3,3,5,-5,136
5427,WYNN,Y,5,3,5,4,3,-4,1,4,0,5,0,3,3,5,5,-5,1,3,136
5653,ACEL,Y,4,2,5,-1,0,-1,-1,4,3,5,4,5,-1,-5,-5,3,5,0,136
5878,TBTC,Y,3,3,5,5,2,5,1,4,-1,5,5,5,-2,-5,5,3,4,-5,136
5956,BQ,Y,-5,1,5,-1,0,-1,-1,4,3,5,5,5,0,5,5,5,1,0,136
5514,MDC,Y,3,3,5,5,2,2,1,4,2,3,4,0,-3,-5,5,3,4,3,135
5735,HOFT,Y,2,2,5,5,4,3,1,4,1,3,3,3,-2,-5,5,3,3,1,135
5490,REYN,Y,1,3,5,4,3,-1,1,4,2,4,4,5,-1,-5,2,2,3,1,133
5712,GAMB,Y,-1,-1,5,-1,0,-1,-1,2,0,5,5,5,0,5,1,3,5,0,133
5452,WING,Y,-5,4,5,-5,-5,5,1,4,0,2,0,1,4,5,5,5,5,-1,132
5358,AMZN,Y,3,3,5,-1,0,-1,-1,4,3,5,5,-5,-1,3,3,3,5,0,131
5430,FND,Y,4,3,5,-5,-5,-1,-1,4,5,5,5,3,-2,-5,5,5,5,1,131
5559,LGIH,Y,4,5,5,4,4,-1,-1,4,2,5,5,0,-4,-5,5,3,5,0,131
5567,PTVE,Y,4,1,5,5,2,1,1,4,3,5,5,5,3,5,-4,-5,-3,-5,131
5695,SES,Y,5,5,5,-1,0,-1,-1,4,0,5,5,5,1,-5,4,3,0,0,131
5733,JILL,Y,5,4,5,4,-3,-1,-1,4,3,5,5,5,-1,-5,5,3,2,1,131
5487,CHH,Y,-5,-5,5,5,4,1,1,5,4,5,5,5,0,1,2,3,3,-1,130
5578,ACVA,Y,3,3,5,-1,0,-1,-1,1,3,-5,-2,5,0,5,5,5,5,0,129
5517,SKY,Y,-3,-3,5,-1,0,-5,-1,4,5,4,4,5,3,5,3,3,5,-1,128
5811,LIVE,Y,2,1,5,-1,0,-5,-1,2,3,5,5,5,3,5,-5,-5,5,0,128
5497,MTH,Y,3,3,5,5,5,-1,1,4,2,5,5,0,-2,-5,5,5,5,-5,126
5768,DLTH,Y,3,3,5,-1,0,-1,-1,4,0,5,5,5,1,2,-5,-5,4,0,126
5429,KMX,Y,4,4,5,-1,0,-1,-1,5,2,5,4,5,-4,-5,4,3,4,0,125
5473,GLBE,Y,-5,-1,5,-1,0,-1,-1,-4,5,2,5,5,4,5,5,3,5,0,125
5596,SAH,Y,3,2,5,5,2,3,1,5,-3,5,3,3,3,5,-5,-5,3,-5,125
5698,SFIX,Y,-1,2,5,-1,0,-1,-1,4,2,3,0,5,3,1,3,3,4,0,125
5724,CPS,Y,3,3,5,-1,0,-1,-1,4,5,3,0,5,-3,4,-2,1,1,0,125
5405,CCL,Y,2,2,5,5,2,4,-1,5,-1,3,2,3,0,1,-2,-2,3,1,124
5788,CPHC,Y,3,3,5,5,4,2,1,4,4,4,4,5,-2,-5,-5,-5,1,1,123
5428,IP,Y,3,3,5,5,4,2,1,5,3,4,2,5,-1,-5,-5,-4,-1,3,122
5475,WH,Y,4,5,5,5,4,5,1,5,0,-1,-4,5,2,-5,2,3,-1,-1,122
5631,GOOS,Y,-1,-1,5,-1,0,-1,-1,4,0,5,5,-3,4,5,1,3,5,0,121
5381,HLT,Y,3,5,5,5,5,1,1,5,0,-5,-5,3,1,3,3,5,3,-5,120
5700,CRMT,Y,4,4,5,-1,0,2,1,5,2,5,4,0,-2,-5,2,5,4,-5,120
5727,ALLG,Y,-1,-1,5,-1,0,-1,-1,5,5,5,5,-3,0,5,1,1,5,0,120
5823,CULP,Y,3,3,5,5,3,5,1,5,-1,5,5,5,-2,-5,-2,-5,3,-1,120
5541,VC,Y,4,3,5,5,-1,-1,-1,5,2,3,1,5,3,-5,-4,3,-1,3,119
5469,CART,Y,-1,-1,5,-1,0,-1,-1,1,2,3,-2,5,4,5,3,3,5,0,118
5597,MSGE,Y,-1,-1,5,-1,0,-1,-1,1,2,3,-2,5,4,5,3,3,5,0,118
5657,PTLO,Y,-3,1,5,-1,0,-1,-1,-1,5,-1,3,5,2,4,5,3,4,0,118
5753,CVGI,Y,1,1,5,-1,0,-1,-1,4,2,4,5,5,-2,1,-5,3,1,0,118
5806,HFUS,Y,2,-5,5,-1,0,-1,-1,4,3,4,-1,5,0,3,-2,5,5,0,118
5479,HRB,Y,5,5,5,5,4,2,1,5,0,4,-2,5,-1,-5,-5,-4,1,3,117
5502,M,Y,4,4,5,5,5,3,1,5,-1,4,2,5,-1,-5,1,-5,-1,3,117
5696,FNKO,Y,1,-1,5,5,0,-5,1,2,5,3,2,3,3,5,-5,-5,5,3,117
5373,STLA,Y,-1,-1,5,-1,2,-5,1,4,3,5,5,5,-2,-2,1,5,1,3,116
5425,VFS,Y,5,5,5,-1,0,-1,-1,4,2,5,3,5,0,-5,2,5,-5,1,116
5436,FIVE,Y,4,4,5,-5,-5,-5,-1,4,5,5,5,-1,-2,5,4,5,5,-5,116
5516,KBH,Y,2,2,5,5,5,3,1,4,-3,5,3,0,2,-5,5,5,4,-5,116
5914,USLG,Y,5,5,5,-1,0,-1,-1,4,3,5,5,0,-5,-5,3,3,5,0,116
5941,SECO,Y,2,1,5,-1,0,-1,-1,-1,0,-5,5,3,0,5,5,5,5,0,116
5610,JACK,Y,2,4,5,5,4,2,1,5,2,-5,-2,1,3,5,-4,-4,2,-1,115
5797,CNTY,Y,1,1,5,-1,0,-1,-1,4,2,3,3,3,3,5,-5,-5,4,0,115
5868,CZOO,Y,-1,-1,5,-1,0,-1,-1,5,5,5,4,5,0,-5,1,3,5,0,115
5901,TRNR,Y,5,5,5,-1,0,-1,-1,-5,3,5,0,-5,0,5,5,5,5,0,115
5443,CHDN,Y,3,2,5,5,5,3,1,5,-1,1,3,-4,-1,-5,4,3,5,1,113
5547,TRIP,Y,3,3,5,-5,-5,-1,-1,4,4,4,3,5,0,-5,3,1,4,3,113
5560,CCS,Y,2,3,5,5,2,5,1,2,0,5,5,0,-5,-5,3,3,5,-1,113
5619,OSW,Y,2,1,5,4,3,-1,-1,4,5,4,0,5,4,-5,-5,3,3,-5,113
5800,STRT,Y,2,2,5,5,5,1,-1,4,-3,4,3,5,-3,-5,4,5,4,-1,113
5814,LL,Y,-1,-1,5,-1,0,-1,-1,1,0,3,3,3,3,5,-4,4,3,0,113
5741,VRA,Y,2,3,5,-1,0,-1,-1,5,3,4,3,5,-1,-4,-5,3,1,0,112
5524,WEN,Y,4,1,5,5,3,5,1,5,-2,-5,-4,3,4,4,1,3,-3,-1,110
5604,SGHC,Y,-1,-1,5,-1,0,-5,1,4,5,3,3,5,-1,1,1,3,4,0,110
5685,SRI,Y,3,3,5,-1,0,-1,-1,4,0,3,3,5,-2,-5,2,5,4,0,110
5976,THBD,Y,5,5,5,-1,0,-1,-1,-5,5,5,0,0,1,1,4,5,0,0,110
5383,AZO,Y,-5,5,5,-1,0,-1,-1,5,5,3,-2,3,-1,3,4,4,3,0,109
5769,FLXS,Y,2,3,5,5,5,3,1,4,-1,4,3,-5,-2,-5,5,5,3,1,108
5589,ODP,Y,1,3,5,5,5,5,-1,4,0,2,-3,5,3,3,5,3,-5,-5,107
5608,EYE,Y,1,3,5,-5,-5,-5,-1,3,3,5,4,5,3,-4,5,5,4,0,107
5640,HOV,Y,3,3,5,5,5,2,1,4,2,5,3,0,-3,-5,3,3,3,-5,106
5470,MHK,Y,2,2,5,-1,0,-1,-1,4,5,3,3,5,0,-5,4,5,-2,0,105
5525,MLCO,Y,1,3,5,5,4,-5,1,5,2,5,4,3,-1,-5,5,5,4,-5,105
5574,OI,Y,4,2,5,5,5,5,-1,4,2,3,-2,3,2,2,-4,-5,1,-5,105
5957,AREB,Y,5,5,5,-1,0,-1,-1,-5,3,5,0,5,0,-5,5,3,5,0,105
5686,LIND,Y,3,-1,5,-1,0,-1,-1,4,0,1,0,3,0,4,-5,3,4,0,104
5654,EXTO,Y,-1,-1,5,-1,0,-1,-1,1,2,3,2,5,0,1,1,5,4,0,103
5635,GDEN,Y,-1,1,5,4,0,-1,1,4,2,5,0,5,-2,-5,-5,5,5,1,101
5643,SHCO,Y,5,-5,5,-1,0,-1,-1,-1,3,5,0,3,0,5,2,1,5,0,101
5504,DOOO,Y,-1,-1,5,-1,2,5,1,5,2,-5,5,1,2,5,1,-4,4,-5,100
5617,LESL,Y,-4,5,5,5,0,-1,-1,5,1,5,5,5,-2,-2,5,5,4,-5,100
5954,SSOK,Y,5,5,5,-1,0,-1,-1,-5,3,-5,-1,5,0,5,3,3,1,0,100
5595,MBC,Y,-1,-1,5,-1,0,-1,-1,1,2,3,3,5,4,5,1,1,-2,0,98
5875,VIVC,Y,-1,-1,5,-1,0,-1,-1,1,5,3,0,0,0,5,3,3,5,0,98
5773,FAT,Y,4,5,5,-1,0,2,1,3,5,5,0,-5,1,5,5,-5,-5,3,97
5460,LNW,Y,1,1,5,-1,0,-1,-1,4,2,-5,-5,5,3,2,-4,5,4,0,96
5668,LEGH,Y,3,3,5,-1,0,-1,-1,4,-3,5,5,5,-4,-5,5,5,3,0,96
5779,SPWH,Y,1,5,5,-5,-5,-5,-1,4,2,5,5,3,1,5,-2,-5,3,1,96
5920,NROM,Y,2,1,5,-1,0,-1,-1,4,0,3,3,5,3,3,-5,-5,1,0,95
5481,CROX,Y,3,3,5,-1,0,-1,-1,4,5,1,-2,-5,-1,5,3,3,3,0,94
5674,RICK,Y,-1,-1,5,-1,0,4,1,5,2,3,4,1,-1,-5,-4,2,4,0,94
5832,INTG,Y,1,1,5,-1,0,-1,-1,5,2,-2,-4,0,3,5,-5,4,3,0,94
5551,VAC,Y,2,2,5,5,5,5,1,5,2,1,-5,0,-1,-5,3,3,3,-1,93
5948,NVFY,Y,3,3,5,4,-1,-1,-1,2,-2,-2,3,5,0,5,5,3,3,-5,92
